{
  "schema": 1,
  "fixture": "candles-1000-default-light",
  "ref_version": "5.2.0",
  "capture": "Chromium presented page at DPR 1.5",
  "measured_2026_07_18": {
    "full": 0.03368344907407408,
    "pane": 0.03254033576257165,
    "price_axis": 0.06817930148605851,
    "time_axis": 0.020834957005169775
  },
  "maximum_perceptual_difference": {
    "full": 0.038,
    "pane": 0.038,
    "price_axis": 0.085,
    "time_axis": 0.035
  }
}
